Open,High,Low,Close
73.26000213623047,77.66799926757812,73.04650115966797,76.95649719238281
76.00050354003906,76.9000015258789,74.85549926757812,75.01399993896484
76.5,79.69999694824219,75.91549682617188,78.76950073242188
80.1155014038086,81.72799682617188,79.45950317382812,81.47550201416016
83.2344970703125,83.83049774169922,80.83049774169922,82.8290023803711
82.64900207519531,83.38999938964844,82.06999969482422,82.97100067138672
82.05049896240234,83.1624984741211,81.08100128173828,82.81099700927734
82.02749633789062,83.0145034790039,81.81099700927734,82.02799987792969
80.75,82.41000366210938,79.75749969482422,80.8604965209961
81.5999984741211,83.75800323486328,81.30049896240234,83.72799682617188
84.21099853515625,85.25,83.79399871826172,84.18900299072266
84.0,85.00849914550781,83.875,84.66100311279297
85.5999984741211,85.80999755859375,84.5770034790039,84.80999755859375
84.05000305175781,84.09349822998047,80.51000213623047,81.6084976196289
82.80000305175781,82.87149810791016,80.5999984741211,82.0009994506836
82.05349731445312,82.86299896240234,81.58899688720703,82.74649810791016
83.5250015258789,84.17400360107422,83.08049774169922,83.52850341796875
82.17949676513672,82.25,80.70449829101562,81.89450073242188
81.5634994506836,81.61900329589844,79.53600311279297,79.69400024414062
81.1500015258789,83.84750366210938,80.98400115966797,83.52149963378906
84.64250183105469,86.82050323486328,83.9540023803711,85.9365005493164
81.94400024414062,83.65299987792969,81.10050201416016,81.3115005493164
81.1500015258789,82.48149871826172,80.67500305175781,81.66549682617188
82.16699981689453,83.26300048828125,82.125,82.94049835205078
83.5374984741211,83.61299896240234,81.66699981689453,82.01300048828125
81.25,81.2770004272461,79.64550018310547,80.71849822998047
79.30000305175781,79.42949676513672,78.33799743652344,79.41100311279297
80.04900360107422,80.4645004272461,79.30000305175781,79.55000305175781
80.19999694824219,81.97000122070312,79.94400024414062,81.90049743652344
82.3499984741211,82.81900024414062,81.85549926757812,82.0
81.2249984741211,81.8949966430664,80.3030014038086,81.13249969482422
81.39299774169922,81.44550323486328,80.2249984741211,80.39749908447266
80.05000305175781,81.69999694824219,80.02799987792969,81.37899780273438
81.5,81.74649810791016,80.50599670410156,81.1050033569336
80.99250030517578,81.1780014038086,80.04550170898438,80.97200012207031
81.17500305175781,81.74700164794922,81.05850219726562,81.5780029296875
82.07250213623047,82.7300033569336,81.51950073242188,81.6500015258789
81.29900360107422,81.99949645996094,80.80650329589844,81.81999969482422
81.40899658203125,82.09049987792969,80.75499725341797,82.05449676513672
81.76249694824219,82.5885009765625,81.69149780273438,81.99150085449219
82.75650024414062,83.71299743652344,82.55000305175781,83.58650207519531
84.25,85.47149658203125,83.71800231933594,84.80850219726562
85.14749908447266,85.38999938964844,84.45050048828125,84.62149810791016
84.79850006103516,84.88749694824219,83.41400146484375,83.44750213623047
83.36849975585938,83.48750305175781,81.02549743652344,81.29750061035156
80.20050048828125,81.13600158691406,79.32849884033203,81.04000091552734
81.30599975585938,83.614501953125,81.30049896240234,83.53099822998047
83.44999694824219,84.2135009765625,83.04900360107422,83.65499877929688
84.1500015258789,85.0,83.96749877929688,84.54049682617188
84.55999755859375,85.0999984741211,84.21700286865234,84.31099700927734
85.1500015258789,85.94000244140625,84.65650177001953,85.61799621582031
85.63500213623047,87.5,85.63150024414062,87.10749816894531
87.67549896240234,89.20800018310547,87.67549896240234,88.09249877929688
88.49700164794922,89.9749984741211,88.35150146484375,89.8635025024414
89.81300354003906,91.1875,89.36399841308594,90.96299743652344
90.50849914550781,90.9489974975586,88.15550231933594,88.2385025024414
87.8895034790039,89.13400268554688,87.375,88.71299743652344
89.6500015258789,90.28849792480469,88.66799926757812,89.18800354003906
89.20649719238281,89.375,87.28399658203125,88.28500366210938
88.5,88.89649963378906,87.67350006103516,88.6709976196289
89.3290023803711,89.64299774169922,88.83149719238281,89.0374984741211
90.00550079345703,90.78350067138672,89.9365005493164,90.70950317382812
90.5510025024414,91.0,90.25599670410156,90.6989974975586
91.33599853515625,91.5,90.48100280761719,91.03500366210938
91.03250122070312,91.4375,90.20999908447266,90.94300079345703
91.44999694824219,91.92900085449219,91.2594985961914,91.86399841308594
91.6614990234375,92.51000213623047,91.25550079345703,92.49299621582031
92.27449798583984,92.65450286865234,91.58899688720703,91.79199981689453
92.05000305175781,92.4000015258789,91.44049835205078,92.36650085449219
92.43499755859375,92.49749755859375,92.0155029296875,92.20349884033203
92.41999816894531,92.57499694824219,92.06500244140625,92.15299987792969
92.0999984741211,92.34249877929688,90.94499969482422,92.24349975585938
92.56749725341797,93.4885025024414,92.4000015258789,93.1520004272461
93.64949798583984,93.82350158691406,93.02200317382812,93.24099731445312
93.43949890136719,93.54100036621094,92.9739990234375,93.08450317382812
92.7699966430664,94.4209976196289,92.28199768066406,94.3655014038086
94.55999755859375,96.46299743652344,94.47899627685547,96.1884994506836
96.25,96.4844970703125,94.90799713134766,95.0875015258789
95.8499984741211,96.12249755859375,95.0155029296875,95.11250305175781
96.44999694824219,97.55000305175781,94.9000015258789,97.53150177001953
97.44999694824219,97.81700134277344,96.70449829101562,96.92150115966797
96.50499725341797,96.7854995727539,95.34750366210938,96.32599639892578
96.65450286865234,97.18199920654297,95.52749633789062,95.57599639892578
95.66649627685547,96.07749938964844,94.09349822998047,95.04100036621094
97.44999694824219,98.22000122070312,96.80000305175781,98.12300109863281
95.89900207519531,97.94999694824219,95.5250015258789,97.52749633789062
96.99949645996094,97.45500183105469,95.16899871826172,96.05000305175781
95.94349670410156,96.76850128173828,95.5,95.88849639892578
95.0,95.47000122070312,93.80000305175781,94.99349975585938
94.9000015258789,95.18949890136719,92.80000305175781,94.4990005493164
91.8280029296875,92.3270034790039,90.9000015258789,91.13400268554688
91.9749984741211,92.62200164794922,90.7874984741211,92.00599670410156
91.39749908447266,93.72149658203125,91.1500015258789,93.55750274658203
94.2969970703125,95.87550354003906,94.114501953125,95.37850189208984
94.65249633789062,95.52649688720703,93.36650085449219,93.44999694824219
92.6344985961914,93.38899993896484,91.7770004272461,92.94850158691406
93.739501953125,93.94999694824219,92.30000305175781,92.8759994506836
92.58899688720703,93.57450103759766,92.55000305175781,92.98400115966797
91.82949829101562,92.19999694824219,90.20999908447266,90.77400207519531
91.79450225830078,92.08799743652344,90.89250183105469,91.16400146484375
91.63749694824219,92.4635009765625,91.36750030517578,91.82150268554688
91.15599822998047,91.5,90.37650299072266,90.95950317382812
91.27449798583984,91.47350311279297,90.3915023803711,90.81600189208984
89.50050354003906,89.77950286865234,88.63500213623047,88.75350189208984
88.00050354003906,88.31449890136719,83.5999984741211,84.6344985961914
84.96199798583984,86.54100036621094,84.04450225830078,86.47799682617188
87.4800033569336,87.5999984741211,85.76249694824219,86.92500305175781
86.885498046875,88.0,86.30650329589844,87.71800231933594
88.18499755859375,90.3125,87.97450256347656,90.20149993896484
91.0999984741211,94.24349975585938,90.9000015258789,93.03150177001953
94.1624984741211,94.68499755859375,92.9000015258789,93.18499755859375
92.6989974975586,93.25,92.21900177001953,92.76599884033203
93.33599853515625,94.15450286865234,93.11100006103516,93.51499938964844
93.19999694824219,93.80000305175781,92.94999694824219,93.4834976196289
93.82499694824219,94.78450012207031,93.77249908447266,94.30149841308594
95.06749725341797,96.08350372314453,94.989501953125,95.06849670410156
95.39199829101562,95.97899627685547,94.62349700927734,95.43949890136719
96.66649627685547,96.76000213623047,95.29000091552734,95.90950012207031
95.80500030517578,96.29750061035156,95.37899780273438,95.56500244140625
95.63300323486328,95.84300231933594,95.06500244140625,95.69499969482422
95.59200286865234,95.81950378417969,93.62100219726562,93.91349792480469
94.6240005493164,95.19000244140625,94.36599731445312,94.8915023803711
95.0999984741211,95.56199645996094,94.9020004272461,95.21399688720703
95.45500183105469,95.64700317382812,94.19999694824219,94.68150329589844
96.14900207519531,96.49099731445312,95.73300170898438,96.1094970703125
95.96900177001953,96.739501953125,95.33149719238281,96.71549987792969
96.79450225830078,97.07949829101562,96.5250015258789,96.94999694824219
96.43000030517578,97.29499816894531,96.26499938964844,97.14550018310547
96.70600128173828,97.80000305175781,96.4124984741211,97.61599731445312
97.38999938964844,99.50050354003906,97.17400360107422,99.41500091552734
99.82550048828125,101.24700164794922,99.7699966430664,100.87049865722656
101.28099822998047,101.79000091552734,99.76499938964844,100.05349731445312
100.41349792480469,100.8499984741211,100.19349670410156,100.55000305175781
101.06999969482422,101.1449966430664,100.07749938964844,101.04949951171875
100.52899932861328,101.31600189208984,100.06099700927734,100.49500274658203
100.35250091552734,100.5999984741211,99.60150146484375,99.60150146484375
99.00050354003906,99.375,97.57749938964844,98.8949966430664
99.56050109863281,99.80000305175781,98.11150360107422,98.22599792480469
98.55699920654297,99.44999694824219,97.91300201416016,99.28150177001953
99.79949951171875,99.8895034790039,98.65650177001953,99.72450256347656
98.46499633789062,100.06500244140625,98.29350280761719,100.04049682617188
100.05000305175781,100.05999755859375,98.63600158691406,98.69100189208984
97.0999984741211,97.54499816894531,96.22550201416016,97.15249633789062
96.5,96.61150360107422,94.5270004272461,95.62249755859375
94.55599975585938,95.49449920654297,94.17400360107422,94.92649841308594
94.90550231933594,94.97750091552734,92.47200012207031,93.33899688720703
93.58599853515625,94.89600372314453,92.20050048828125,92.76599884033203
92.25350189208984,92.31800079345703,90.4010009765625,91.16200256347656
88.51100158691406,89.43350219726562,87.43900299072266,88.25650024414062
89.61150360107422,89.6884994506836,87.66999816894531,89.3915023803711
88.69950103759766,89.94650268554688,87.8499984741211,89.66999816894531
90.30000305175781,91.71299743652344,89.90550231933594,91.64450073242188
91.44750213623047,91.55449676513672,90.11100006103516,90.37899780273438
89.79949951171875,90.04900360107422,88.8499984741211,89.24600219726562
89.1500015258789,91.58699798583984,89.0,91.21700286865234
89.65049743652344,89.78250122070312,87.86100006103516,88.14800262451172
89.09950256347656,89.4000015258789,88.0979995727539,88.80599975585938
89.64450073242188,90.14550018310547,89.22750091552734,89.62850189208984
90.90399932861328,91.30000305175781,90.63050079345703,90.80599975585938
90.7249984741211,90.84100341796875,89.99400329589844,90.06900024414062
90.96949768066406,91.47899627685547,90.75,91.177001953125
91.4000015258789,91.47049713134766,90.00499725341797,90.23300170898438
89.65149688720703,90.24500274658203,87.2614974975586,87.48100280761719
88.34549713134766,88.5,87.17549896240234,88.44349670410156
88.7864990234375,88.97000122070312,87.33399963378906,88.09149932861328
87.75,88.39299774169922,87.20249938964844,88.2125015258789
89.1500015258789,89.92749786376953,88.86250305175781,89.31999969482422
89.87449645996094,89.98699951171875,88.22850036621094,88.81449890136719
88.5,90.04000091552734,88.4000015258789,89.49199676513672
90.25,90.38150024414062,89.8115005493164,90.03099822998047
91.09750366210938,92.0999984741211,90.77899932861328,92.03600311279297
91.91100311279297,92.03250122070312,91.31999969482422,91.67549896240234
92.05000305175781,92.5,91.23049926757812,91.56749725341797
91.13749694824219,91.29049682617188,90.26699829101562,91.02749633789062
90.60700225830078,91.6709976196289,90.4540023803711,91.14949798583984
91.88150024414062,92.68299865722656,91.71399688720703,92.17749786376953
92.10050201416016,92.30599975585938,91.75849914550781,91.96700286865234
91.20099639892578,91.28450012207031,90.01000213623047,90.39199829101562
90.35399627685547,91.19950103759766,90.20500183105469,91.12750244140625
90.85199737548828,91.10299682617188,89.7750015258789,90.87300109863281
91.0510025024414,91.62850189208984,90.8949966430664,91.07499694824219
91.08550262451172,91.53150177001953,89.0459976196289,89.70800018310547
88.8499984741211,89.63500213623047,88.36599731445312,89.26499938964844
89.53050231933594,89.7854995727539,86.77749633789062,87.08049774169922
87.36799621582031,88.6500015258789,86.1500015258789,88.41649627685547
88.1395034790039,88.16850280761719,86.57499694824219,86.99199676513672
87.4000015258789,87.45600128173828,85.69100189208984,86.27249908447266
86.34950256347656,86.87300109863281,85.46099853515625,86.79550170898438
87.30000305175781,87.77999877929688,86.42050170898438,86.78250122070312
86.38700103759766,86.44450378417969,85.25,85.6614990234375
85.6500015258789,86.25,84.25299835205078,86.22100067138672
86.3010025024414,87.02899932861328,85.96150207519531,86.98249816894531
86.58149719238281,87.3915023803711,86.18499755859375,86.63300323486328
86.12449645996094,86.3499984741211,85.25,85.27549743652344
85.98049926757812,86.49749755859375,85.71800231933594,86.09950256347656
86.26200103759766,86.91449737548828,85.6875,86.01300048828125
87.14600372314453,87.27249908447266,86.49299621582031,86.59600067138672
86.44550323486328,87.09449768066406,86.0999984741211,86.82150268554688
87.10700225830078,88.82250213623047,87.03099822998047,88.36900329589844
88.66649627685547,89.31199645996094,88.5260009765625,88.87149810791016
89.82450103759766,89.94249725341797,89.10099792480469,89.3740005493164
89.38999938964844,89.6989974975586,87.45999908447266,87.87550354003906
88.48300170898438,89.29399871826172,88.25,89.28299713134766
89.40750122070312,89.48899841308594,88.0999984741211,88.2864990234375
88.06500244140625,88.50250244140625,87.0999984741211,88.1084976196289
88.55449676513672,89.41699981689453,88.01349639892578,89.03900146484375
84.87750244140625,88.21050262451172,84.75,88.06649780273438
87.40299987792969,88.93499755859375,87.125,88.85399627685547
88.7405014038086,88.8499984741211,87.79049682617188,88.135498046875
88.01200103759766,89.11900329589844,87.95600128173828,88.99949645996094
88.79949951171875,89.5999984741211,88.5739974975586,88.83300018310547
89.40049743652344,89.87249755859375,89.260498046875,89.5719985961914
90.05049896240234,90.75299835205078,90.05049896240234,90.23300170898438
90.45800018310547,90.51249694824219,89.69999694824219,90.08550262451172
90.05000305175781,90.125,89.42900085449219,89.78849792480469
90.18800354003906,90.29499816894531,89.17400360107422,89.41000366210938
89.39450073242188,89.49400329589844,88.7020034790039,89.29399871826172
88.9000015258789,89.0,88.35649871826172,88.5824966430664
88.73300170898438,89.31099700927734,88.59549713134766,88.9000015258789
88.66950225830078,88.75,87.36599731445312,87.65550231933594
87.57150268554688,88.32949829101562,87.47799682617188,87.7300033569336
88.00250244140625,88.08399963378906,86.64299774169922,86.97450256347656
86.91500091552734,87.68499755859375,86.135498046875,87.62650299072266
87.84950256347656,88.03399658203125,87.15149688720703,87.6395034790039
87.45700073242188,88.1259994506836,86.70600128173828,87.27649688720703
87.1500015258789,87.34349822998047,86.51799774169922,86.7354965209961
86.95099639892578,87.32150268554688,86.55000305175781,87.28600311279297
87.6624984741211,88.87100219726562,87.66200256347656,88.69200134277344
88.99600219726562,89.85150146484375,88.9175033569336,89.84700012207031
90.05000305175781,91.2249984741211,89.8655014038086,90.92549896240234
90.88899993896484,91.2344970703125,90.03949737548828,90.04000091552734
90.22000122070312,90.27749633789062,88.13400268554688,89.08000183105469
88.0,88.64350128173828,87.36150360107422,88.49800109863281
88.70050048828125,89.45449829101562,88.01100158691406,88.03450012207031
88.17500305175781,88.17500305175781,87.0,87.02400207519531
87.55999755859375,87.72000122070312,87.00650024414062,87.58000183105469
87.53299713134766,88.34449768066406,87.28050231933594,87.47550201416016
87.37000274658203,87.53350067138672,86.75,86.96050262451172
87.08350372314453,87.5,86.7854995727539,87.43599700927734
87.5,88.19999694824219,87.27200317382812,88.0165023803711
88.25,88.44950103759766,87.75,88.0469970703125
88.3499984741211,88.4749984741211,87.85250091552734,88.46050262451172
88.90049743652344,89.5999984741211,88.86949920654297,89.53299713134766
89.7509994506836,89.91000366210938,89.11799621582031,89.20149993896484
89.0250015258789,89.64949798583984,88.7030029296875,89.61399841308594
89.98100280761719,90.14849853515625,89.12249755859375,89.32499694824219
89.41300201416016,89.6500015258789,89.22550201416016,89.6500015258789
89.69049835205078,89.77850341796875,89.37899780273438,89.46050262451172
90.05049896240234,93.52300262451172,89.9749984741211,93.4384994506836
94.14600372314453,95.06999969482422,93.30049896240234,93.48999786376953
93.69999694824219,94.19999694824219,92.03099822998047,92.34449768066406
92.0999984741211,92.66300201416016,91.61150360107422,92.39199829101562
93.75,94.90049743652344,93.2074966430664,94.90049743652344
93.2249984741211,94.30999755859375,93.2249984741211,93.74849700927734
93.0,95.18450164794922,93.0,95.14399719238281
95.2249984741211,95.69450378417969,94.60199737548828,95.34300231933594
94.9020004272461,95.55000305175781,94.3219985961914,94.59850311279297
95.49449920654297,95.89099884033203,94.79000091552734,95.05249786376953
95.26850128173828,95.34700012207031,94.0,94.15799713134766
94.56549835205078,94.9000015258789,94.04000091552734,94.56500244140625
94.29399871826172,94.35549926757812,92.92749786376953,93.47200012207031
93.61250305175781,93.94300079345703,92.75450134277344,93.10099792480469
94.14949798583984,94.27950286865234,93.3010025024414,93.89700317382812
94.29450225830078,94.33200073242188,92.86250305175781,93.23600006103516
93.25,94.7135009765625,93.0,94.5999984741211
94.80449676513672,95.125,94.16699981689453,94.37300109863281
94.25550079345703,94.4990005493164,93.63800048828125,94.22899627685547
94.56849670410156,94.74949645996094,92.37200164794922,93.08200073242188
91.0,92.05000305175781,90.76699829101562,91.41699981689453
92.0250015258789,92.90550231933594,91.5009994506836,92.6624984741211
93.19999694824219,93.73750305175781,92.7509994506836,92.9000015258789
92.9000015258789,93.64350128173828,92.53050231933594,93.53399658203125
102.57350158691406,102.78600311279297,100.1135025024414,100.43599700927734
100.52999877929688,102.42500305175781,100.01249694824219,100.20999908447266
101.49400329589844,102.98999786376953,100.76850128173828,102.4834976196289
103.5510025024414,103.5510025024414,101.5999984741211,101.99349975585938
102.0510025024414,102.81500244140625,101.23999786376953,102.5114974975586
102.09950256347656,104.92649841308594,101.90499877929688,103.96399688720703
104.25050354003906,106.77999877929688,104.24800109863281,106.69550323486328
107.54499816894531,109.29750061035156,106.80000305175781,107.54000091552734
108.16000366210938,109.01249694824219,107.7645034790039,108.0
107.24949645996094,108.51399993896484,107.0999984741211,107.49349975585938
107.78399658203125,107.9520034790039,106.29450225830078,106.74349975585938
106.2509994506836,108.30349731445312,106.20549774169922,107.78350067138672
108.38999938964844,109.25499725341797,108.05599975585938,108.51100158691406
108.65350341796875,108.8395004272461,106.37249755859375,107.65499877929688
107.10749816894531,107.22750091552734,104.4000015258789,104.79850006103516
100.15899658203125,101.96499633789062,99.39849853515625,100.4645004272461
101.32099914550781,101.7300033569336,97.9209976196289,98.63700103759766
98.51399993896484,100.7334976196289,98.02249908447266,98.97949981689453
96.71900177001953,98.75,94.13800048828125,94.21499633789062
90.73149871826172,94.48799896240234,90.55650329589844,94.1875
95.32450103759766,97.72550201416016,93.5,97.69750213623047
98.76850128173828,99.81649780273438,94.40450286865234,95.44950103759766
97.32849884033203,98.9000015258789,96.0999984741211,98.79149627685547
96.6500015258789,98.03600311279297,95.5,96.20149993896484
93.75,95.54350280761719,93.4749984741211,95.05449676513672
88.69300079345703,93.13849639892578,88.06449890136719,90.03050231933594
93.54399871826172,94.7135009765625,90.90850067138672,94.59100341796875
92.89250183105469,93.56600189208984,90.07499694824219,91.04299926757812
86.0989990234375,88.25,83.75,83.83049774169922
87.75,89.31549835205078,84.03099822998047,89.25
82.07550048828125,87.97250366210938,81.30149841308594,84.4574966430664
88.77349853515625,92.88899993896484,84.46199798583984,90.39199829101562
87.5,92.08300018310547,87.25,91.5
93.0,97.25,91.63249969482422,94.04650115966797
96.31549835205078,97.8499984741211,91.0364990234375,92.30449676513672
91.38749694824219,95.97000122070312,90.5999984741211,95.1415023803711
97.57499694824219,97.75,95.01699829101562,97.00499725341797
96.03450012207031,97.51300048828125,94.28900146484375,94.29199981689453
95.0999984741211,97.82450103759766,94.4645004272461,97.77449798583984
96.54299926757812,96.989501953125,94.99600219726562,95.00499725341797
96.1415023803711,98.68150329589844,95.61699676513672,98.19750213623047
98.21749877929688,99.6510009765625,97.20050048828125,97.48600006103516
96.64849853515625,97.24800109863281,94.6500015258789,95.38500213623047
95.08200073242188,96.37650299072266,94.5,95.94149780273438
95.55750274658203,96.31649780273438,94.4574966430664,95.32949829101562
96.80000305175781,99.9260025024414,96.5009994506836,99.87950134277344
100.85549926757812,101.78600311279297,99.88099670410156,100.58000183105469
101.05000305175781,102.19999694824219,100.55750274658203,102.1500015258789
102.21499633789062,102.6500015258789,100.88300323486328,102.13800048828125
102.0,109.0,101.9000015258789,108.44349670410156
110.02349853515625,114.5999984741211,109.31050109863281,114.16600036621094
112.88400268554688,116.66850280761719,112.25,115.38400268554688
117.30000305175781,123.05000305175781,116.75,120.40950012207031
118.61650085449219,120.0,115.8010025024414,118.75
119.49749755859375,122.2490005493164,119.30249786376953,119.68049621582031
120.83049774169922,121.41549682617188,113.98300170898438,116.40599822998047
118.44999694824219,119.69999694824219,117.55000305175781,118.17449951171875
119.9990005493164,121.21099853515625,119.10399627685547,119.97250366210938
120.8499984741211,121.02149963378906,119.0999984741211,120.51100158691406
122.16000366210938,122.24400329589844,118.1500015258789,118.80000305175781
118.6050033569336,118.67500305175781,115.30000305175781,115.7040023803711
116.50050354003906,119.59449768066406,115.5,118.635498046875
120.99199676513672,123.75,119.80049896240234,123.69999694824219
116.83999633789062,118.12200164794922,112.90950012207031,114.302001953125
112.81900024414062,116.3489990234375,112.81900024414062,115.79949951171875
117.0,117.55000305175781,115.35649871826172,115.88999938964844
116.47200012207031,117.87249755859375,116.0,117.56300354003906
118.73899841308594,118.80000305175781,117.15550231933594,118.38050079345703
118.60700225830078,119.36199951171875,117.8499984741211,118.98049926757812
118.73500061035156,120.9834976196289,118.60549926757812,120.44999694824219
120.59249877929688,120.94999694824219,117.75,117.84750366210938
118.33999633789062,120.38500213623047,116.88999938964844,118.39600372314453
118.05049896240234,119.56849670410156,117.6604995727539,119.44249725341797
118.4260025024414,120.55000305175781,117.81849670410156,120.48899841308594
120.21749877929688,121.6500015258789,119.20050048828125,121.31300354003906
121.49150085449219,124.25,121.44850158691406,122.46649932861328
123.89350128173828,125.00050354003906,123.3635025024414,124.89700317382812
125.0,126.27249908447266,122.12699890136719,122.33699798583984
122.75050354003906,123.49250030517578,121.50650024414062,121.84400177001953
122.9000015258789,123.0999984741211,120.7030029296875,121.09300231933594
120.24949645996094,120.67900085449219,116.5,120.51950073242188
119.21649932861328,121.84850311279297,118.9114990234375,120.05500030517578
120.7969970703125,122.11849975585938,119.91000366210938,122.11849975585938
122.4000015258789,123.84649658203125,122.20850372314453,123.552001953125
123.3499984741211,123.67649841308594,122.2655029296875,123.62049865722656
123.40049743652344,124.4000015258789,123.05850219726562,123.91999816894531
123.87149810791016,125.37699890136719,122.50050354003906,123.02999877929688
122.22550201416016,124.43250274658203,121.85649871826172,124.1500015258789
125.01000213623047,126.5,124.36699676513672,126.2030029296875
126.47200012207031,131.32150268554688,126.25,130.04299926757812
132.25,136.11749267578125,131.31300354003906,132.37249755859375
130.1750030517578,133.56900024414062,126.8115005493164,127.89800262451172
130.0605010986328,131.07400512695312,125.1675033569336,127.2509994506836
126.33000183105469,129.1999969482422,125.4000015258789,128.63400268554688
131.0,131.0,128.8000030517578,130.7635040283203
132.375,132.75,131.59100341796875,132.0489959716797
132.35049438476562,132.98199462890625,131.8054962158203,132.69900512695312
133.9040069580078,134.8715057373047,132.9499969482422,133.75050354003906
134.22500610351562,135.75,133.4499969482422,135.6909942626953
136.30099487304688,139.15550231933594,135.90199279785156,138.2205047607422
139.0,139.8000030517578,136.0500030517578,136.72000122070312
136.9774932861328,137.81149291992188,135.60699462890625,137.72900390625
138.7530059814453,139.1284942626953,134.39999389648438,134.64349365234375
134.50050354003906,134.83999633789062,131.50399780273438,134.0189971923828
134.2534942626953,138.48150634765625,133.75149536132812,137.9409942626953
137.89950561523438,144.75,137.6999969482422,143.93499755859375
145.60049438476562,147.7779998779297,143.55499267578125,144.51499938964844
146.74850463867188,152.99400329589844,146.5,152.8520050048828
152.92750549316406,153.4774932861328,149.5,150.00599670410156
151.1304931640625,154.19850158691406,150.6215057373047,154.0554962158203
155.79949951171875,159.69400024414062,153.6999969482422,159.13150024414062
159.58799743652344,160.75,156.78500366210938,160.0
162.55299377441406,167.21449279785156,153.41949462890625,155.1999969482422
154.4499969482422,156.36900329589844,147.5,154.1999969482422
154.01150512695312,154.91749572753906,148.65899658203125,150.44349670410156
148.55299377441406,151.60000610351562,145.9114990234375,149.9949951171875
150.4499969482422,151.1999969482422,147.42250061035156,148.09849548339844
150.00999450683594,160.0679931640625,149.7010040283203,159.8419952392578
161.62449645996094,162.0290069580078,155.28599548339844,156.9145050048828
156.25,157.5,153.26300048828125,154.99549865722656
154.9134979248047,154.9134979248047,148.5,149.32749938964844
146.5,151.57899475097656,144.39999389648438,150.44549560546875
153.10000610351562,154.89999389648438,150.7884979248047,152.760498046875
152.7135009765625,153.85450744628906,149.78799438476562,150.01649475097656
151.54949951171875,151.95799255371094,149.8385009765625,151.67649841308594
150.6999969482422,154.60000610351562,150.25,152.593994140625
162.1999969482422,162.34100341796875,157.5500030517578,158.23399353027344
159.02549743652344,159.1999969482422,155.1999969482422,155.59449768066406
155.0605010986328,158.36199951171875,155.0605010986328,156.94149780273438
157.18850708007812,160.67950439453125,156.36500549316406,160.25149536132812
159.71800231933594,162.37350463867188,158.27149963378906,161.25
161.20050048828125,162.04049682617188,157.0334930419922,158.3730010986328
158.5155029296875,158.62550354003906,155.0760040283203,157.4080047607422
155.66000366210938,157.96099853515625,153.64999389648438,154.0334930419922
155.39999389648438,158.71949768066406,155.0709991455078,158.11199951171875
159.14950561523438,160.87600708007812,157.75,158.05099487304688
158.90899658203125,158.91200256347656,156.0,157.4010009765625
158.656005859375,159.74850463867188,157.70899963378906,159.12049865722656
160.60000610351562,166.0,160.29100036621094,165.62449645996094
165.15049743652344,165.7949981689453,162.8000030517578,163.0240020751953
162.60000610351562,165.63099670410156,161.89999389648438,164.86849975585938
164.75,165.72000122070312,163.76950073242188,164.23599243164062
165.50750732421875,169.01600646972656,162.8780059814453,165.3730010986328
164.74949645996094,167.8699951171875,163.35000610351562,167.32449340820312
167.5554962158203,172.58700561523438,167.22850036621094,172.09249877929688
172.50250244140625,172.64999389648438,168.89999389648438,170.0
171.14999389648438,171.6685028076172,169.3249969482422,170.08999633789062
170.44949340820312,174.75,170.25,172.54800415039062
174.47900390625,175.69349670410156,173.35000610351562,174.95599365234375
177.35000610351562,177.6125030517578,174.33450317382812,176.57249450683594
174.25,174.42050170898438,165.14999389648438,168.39999389648438
165.89999389648438,169.0749969482422,155.55650329589844,164.7310028076172
157.1999969482422,162.54249572753906,156.5,157.49200439453125
160.14950561523438,165.15899658203125,159.25,163.4304962158203
165.36099243164062,167.4945068359375,158.52749633789062,158.7554931640625
160.4344940185547,160.86700439453125,154.19900512695312,155.81100463867188
158.64700317382812,159.3695068359375,154.8000030517578,155.14849853515625
156.80799865722656,158.75100708007812,155.4459991455078,157.80650329589844
158.99949645996094,159.36199951171875,153.70750427246094,153.90499877929688
150.46249389648438,151.47149658203125,148.62750244140625,150.43649291992188
151.58700561523438,151.88999938964844,145.27699279785156,147.74549865722656
145.3249969482422,148.10000610351562,143.5500030517578,148.02349853515625
151.69200134277344,156.69949340820312,150.00999450683594,156.44949340820312
156.02149963378906,156.35000610351562,149.61900329589844,149.9929962158203
148.88949584960938,153.46499633789062,148.25,150.989501953125
152.7429962158203,155.07699584960938,149.9499969482422,154.75650024414062
157.4425048828125,158.7519989013672,155.85850524902344,158.70249938964844
158.76950073242188,159.41299438476562,156.6269989013672,157.24400329589844
157.0570068359375,160.6439971923828,156.69949340820312,157.43649291992188
160.39999389648438,161.1999969482422,158.60000610351562,161.06300354003906
157.68150329589844,159.7899932861328,156.14999389648438,156.25
157.29200744628906,160.12649536132812,157.04249572753906,159.9600067138672
158.25,159.10000610351562,154.5,154.9980010986328
156.75,160.0,156.6195068359375,159.7845001220703
161.24949645996094,161.6645050048828,158.74949645996094,159.52749633789062
160.5,164.44949340820312,159.89149475097656,164.33250427246094
167.4969940185547,174.81199645996094,166.9774932861328,172.14649963378906
173.39950561523438,174.61900329589844,171.21099853515625,172.18150329589844
172.35000610351562,173.24400329589844,167.0,168.1855010986328
164.60049438476562,167.79400634765625,164.0,166.9324951171875
168.1614990234375,169.98300170898438,158.0,163.635498046875
164.98049926757812,166.4499969482422,159.63699340820312,160.36050415039062
161.11399841308594,163.3000030517578,159.60049438476562,160.85049438476562
160.625,161.69400024414062,158.0,159.2469940185547
159.49349975585938,159.9375,156.0970001220703,158.82000732421875
159.5500030517578,160.26649475097656,157.0,160.22000122070312
159.93699645996094,164.1490020751953,157.6649932861328,160.3520050048828
161.2469940185547,164.58299255371094,160.56500244140625,164.31649780273438
162.46499633789062,163.2010040283203,158.12350463867188,158.13900756835938
160.06350708007812,162.8625030517578,158.1999969482422,160.55050659179688
157.8874969482422,158.35000610351562,150.9499969482422,151.8074951171875
153.08700561523438,153.98550415039062,147.50599670410156,150.2239990234375
150.92649841308594,153.7449951171875,149.0489959716797,152.42050170898438
157.99949645996094,162.24249267578125,156.9864959716797,162.05799865722656
165.99850463867188,168.33999633789062,164.44400024414062,166.10000610351562
165.23199462890625,166.10000610351562,161.60000610351562,165.56849670410156
161.55149841308594,164.4499969482422,155.60549926757812,157.18699645996094
154.75100708007812,155.6999969482422,150.9739990234375,151.75100708007812
153.08900451660156,156.95750427246094,152.5,156.8695068359375
157.99749755859375,158.79400634765625,154.30250549316406,155.51400756835938
156.10000610351562,157.08599853515625,154.26950073242188,156.4405059814453
154.66000366210938,157.13499450683594,153.63450622558594,156.55299377441406
159.177001953125,159.46249389648438,156.76300048828125,156.7830047607422
156.6999969482422,157.0,155.2550048828125,155.2729949951172
155.2655029296875,156.25,154.04600524902344,155.8509979248047
155.8509979248047,156.64450073242188,154.90249633789062,154.97000122070312
155.8350067138672,156.9875030517578,153.2729949951172,154.91949462890625
155.02499389648438,156.71249389648438,154.31300354003906,155.9029998779297
157.093505859375,159.89999389648438,157.01300048828125,159.2534942626953
160.56300354003906,160.8094940185547,159.50250244140625,159.76699829101562
160.4239959716797,161.41949462890625,156.27749633789062,158.40199279785156
159.4250030517578,162.44749450683594,157.85899353027344,161.00399780273438
161.08250427246094,161.60000610351562,158.66299438476562,160.17649841308594
160.2729949951172,161.4320068359375,159.0655059814453,159.3365020751953
159.91050720214844,159.91050720214844,157.93800354003906,158.12899780273438
157.82400512695312,159.03799438476562,157.08450317382812,157.89999389648438
157.94500732421875,159.2064971923828,156.00100708007812,158.864501953125
158.39450073242188,158.72149658203125,154.39999389648438,155.2100067138672
154.44949340820312,157.10499572753906,153.8000030517578,155.07449340820312
154.83299255371094,155.93350219726562,153.64100646972656,155.8209991455078
157.14999389648438,159.52349853515625,156.3000030517578,157.84849548339844
159.05050659179688,159.4250030517578,156.52450561523438,158.25599670410156
158.80050659179688,162.35000610351562,158.1840057373047,162.04800415039062
162.5,163.17550659179688,161.0500030517578,161.8040008544922
162.19949340820312,162.4709930419922,158.5800018310547,160.08250427246094
160.00050354003906,161.34849548339844,158.3000030517578,160.3090057373047
160.14199829101562,161.10000610351562,159.00399780273438,160.3260040283203
160.25,160.50650024414062,159.20849609375,159.2635040283203
159.69500732421875,160.10000610351562,158.4499969482422,158.63450622558594
159.6999969482422,165.1999969482422,158.63450622558594,164.197998046875
165.4969940185547,167.53250122070312,164.06100463867188,166.10000610351562
167.0500030517578,167.10499572753906,164.12350463867188,164.29249572753906
163.75,164.14599609375,162.05999755859375,162.84649658203125
163.5,163.60000610351562,157.2010040283203,159.3314971923828
158.30050659179688,161.16900634765625,158.2530059814453,160.92550659179688
157.32400512695312,159.87550354003906,156.55799865722656,156.91900634765625
157.85000610351562,160.427001953125,157.75,158.10800170898438
159.0,159.53199768066406,157.11000061035156,159.13499450683594
157.40049743652344,157.81900024414062,155.5,155.7104949951172
156.0,157.10699462890625,154.3000030517578,156.04150390625
156.4219970703125,159.49749755859375,156.10400390625,158.29449462890625
158.37600708007812,158.89999389648438,156.0294952392578,156.37350463867188
156.1510009765625,157.12750244140625,154.7584991455078,155.21249389648438
155.35000610351562,157.25,154.8000030517578,156.03799438476562
159.09950256347656,163.99000549316406,158.75,163.16900634765625
164.64999389648438,167.42750549316406,164.47850036621094,165.34950256347656
165.2154998779297,166.0955047607422,164.1580047607422,164.6114959716797
166.4250030517578,168.1945037841797,162.15750122070312,164.6999969482422
164.8179931640625,166.89999389648438,164.14349365234375,166.30650329589844
167.07449340820312,167.3260040283203,160.35400390625,161.62899780273438
161.7519989013672,165.08399963378906,161.4344940185547,161.88099670410156
161.5,161.84950256347656,159.2274932861328,160.30999755859375
162.1179962158203,167.51300048828125,161.75149536132812,167.1439971923828
169.0,171.38699340820312,168.05650329589844,169.0
171.25050354003906,171.6999969482422,165.43099975585938,165.62649536132812
166.5,167.35000610351562,163.8874969482422,166.5500030517578
165.9499969482422,168.85000610351562,165.135498046875,167.6074981689453
167.9250030517578,168.25,165.1999969482422,166.14700317382812
165.62449645996094,166.89999389648438,164.89199829101562,165.25
165.6999969482422,165.8975067138672,162.6999969482422,164.32899475097656
164.60000610351562,164.60000610351562,162.4029998779297,163.10650634765625
162.5,164.0124969482422,161.66549682617188,163.885498046875
162.70249938964844,165.4149932861328,162.67950439453125,163.44749450683594
163.17999267578125,166.04550170898438,162.97500610351562,165.4320068359375
164.12100219726562,166.89999389648438,163.69700622558594,166.4114990234375
166.4114990234375,166.6750030517578,162.28750610351562,162.4949951171875
160.406494140625,161.61599731445312,158.61300659179688,159.03700256347656
156.35150146484375,160.2364959716797,154.67999267578125,159.72500610351562
158.33749389648438,158.56149291992188,156.2689971923828,157.97650146484375
156.83700561523438,158.91299438476562,152.38800048828125,152.85800170898438
154.75999450683594,156.1219940185547,151.8350067138672,154.64649963378906
156.39450073242188,157.47799682617188,154.89950561523438,157.3070068359375
157.17349243164062,158.17599487304688,154.3560028076172,154.72650146484375
154.0590057373047,155.38900756835938,149.75,150.25
150.60000610351562,152.906494140625,147.27149963378906,148.8784942626953
150.25,150.4499969482422,144.0500030517578,150.0229949951172
150.75,153.22950744628906,147.5655059814453,147.59750366210938
150.89950561523438,154.54800415039062,150.25750732421875,153.1425018310547
154.92250061035156,155.822998046875,151.50250244140625,152.8820037841797
155.20050048828125,156.58900451660156,154.14649963378906,155.67950439453125
153.75,154.94900512695312,152.27499389648438,154.47450256347656
153.72850036621094,154.11199951171875,151.60450744628906,154.08399963378906
155.24850463867188,156.44549560546875,153.79299926757812,154.59300231933594
153.66099548339844,158.65249633789062,153.51100158691406,156.7864990234375
155.0500030517578,155.8314971923828,151.25,151.39950561523438
151.4615020751953,153.864501953125,150.8314971923828,153.7480010986328
153.3925018310547,156.32899475097656,153.00250244140625,155.5435028076172
156.35000610351562,159.10000610351562,156.04249572753906,156.875
157.552001953125,158.0155029296875,154.25750732421875,154.35350036621094
153.64950561523438,155.48899841308594,151.85699462890625,152.31300354003906
152.2030029296875,152.83299255371094,149.8000030517578,152.60150146484375
152.77200317382812,154.5625,151.42250061035156,153.7864990234375
153.50050354003906,153.64999389648438,151.6999969482422,152.76449584960938
153.2030029296875,155.9665069580078,153.125,154.70399475097656
155.89700317382812,158.1219940185547,155.77749633789062,158.0500030517578
158.64999389648438,161.79800415039062,158.06199645996094,161.3365020751953
161.1875,162.36549377441406,160.8520050048828,161.1909942626953
161.69000244140625,165.1804962158203,161.1824951171875,163.96949768066406
165.5449981689453,166.22500610351562,164.60000610351562,164.96499633789062
165.23500061035156,168.61000061035156,164.44500732421875,168.61000061035156
167.760498046875,169.7519989013672,167.5574951171875,168.96949768066406
170.04249572753906,171.60000610351562,169.781494140625,170.0
170.20199584960938,170.2064971923828,166.3000030517578,166.64999389648438
168.5500030517578,169.85000610351562,167.60000610351562,168.95449829101562
169.0,170.33999633789062,167.7794952392578,169.9720001220703
169.51649475097656,171.79649353027344,168.00799560546875,168.60049438476562
168.67999267578125,169.14950561523438,165.8000030517578,166.7344970703125
165.8000030517578,168.14300537109375,165.1905059814453,168.1009979248047
168.58399963378906,168.64349365234375,165.07249450683594,165.45199584960938
165.9550018310547,168.75,165.4250030517578,167.04400634765625
167.39999389648438,171.42250061035156,166.5469970703125,170.4499969482422
172.17349243164062,173.0,169.90049743652344,170.8715057373047
171.74000549316406,174.49400329589844,171.25,172.9250030517578
175.2550048828125,175.72250366210938,171.75,173.5655059814453
176.25599670410156,177.6999969482422,173.125,173.37100219726562
174.2364959716797,174.33250427246094,168.63499450683594,169.32449340820312
167.8094940185547,168.3990020751953,163.60650634765625,165.593505859375
166.9429931640625,167.73500061035156,163.21800231933594,163.52699279785156
163.5,165.72000122070312,162.36000061035156,165.31849670410156
165.95449829101562,166.54449462890625,164.45350646972656,164.58050537109375
164.11599731445312,164.14999389648438,159.5,159.52450561523438
156.81399536132812,161.89999389648438,156.36849975585938,161.19549560546875
159.25,160.39700317382812,156.65499877929688,157.5970001220703
159.27349853515625,160.19200134277344,156.64999389648438,158.07350158691406
159.2779998779297,161.4429931640625,159.14999389648438,161.14500427246094
162.29649353027344,164.6374969482422,161.72950744628906,163.51950073242188
164.62899780273438,165.60000610351562,161.51849365234375,161.61399841308594
159.75,161.7375030517578,159.1999969482422,161.58999633789062
162.22000122070312,162.98399353027344,161.8090057373047,162.38400268554688
162.5,162.83450317382812,159.85049438476562,160.1540069580078
160.77499389648438,162.8975067138672,160.52499389648438,162.24949645996094
163.33349609375,163.99099731445312,160.68800354003906,162.95249938964844
163.72950744628906,164.7864990234375,162.92550659179688,163.25799560546875
162.8000030517578,163.01800537109375,161.5019989013672,161.5054931640625
162.10000610351562,162.39950561523438,160.98500061035156,161.15350341796875
162.1750030517578,162.5489959716797,160.4530029296875,160.9324951171875
161.15499877929688,161.75,160.39999389648438,161.69949340820312
160.2115020751953,160.7220001220703,159.20150756835938,159.35049438476562
160.60000610351562,161.0500030517578,159.9405059814453,160.31100463867188
159.8665008544922,160.39999389648438,158.61000061035156,159.90049743652344
161.1304931640625,163.97650146484375,160.90049743652344,163.20550537109375
163.64349365234375,164.87899780273438,163.53500366210938,164.0574951171875
164.10049438476562,167.5500030517578,164.0574951171875,167.4824981689453
167.4824981689453,168.32899475097656,166.67250061035156,167.3415069580078
167.3415069580078,169.25,166.77499389648438,169.19349670410156
169.1999969482422,169.84950256347656,168.15550231933594,169.156494140625
169.60000610351562,171.3175048828125,168.02650451660156,170.7624969482422
170.15899658203125,174.86000061035156,170.0500030517578,174.46200561523438
173.99949645996094,175.35000610351562,173.6855010986328,174.34500122070312
173.8209991455078,174.10000610351562,171.6999969482422,172.697998046875
172.9029998779297,176.18899536132812,172.80450439453125,175.27200317382812
175.25,176.0500030517578,174.16000366210938,175.1909942626953
175.3820037841797,176.2429962158203,171.54249572753906,172.45399475097656
173.1999969482422,173.24099731445312,169.70899963378906,170.072998046875
170.8000030517578,172.39999389648438,170.67550659179688,172.1945037841797
171.9409942626953,172.80149841308594,171.15150451660156,172.40699768066406
172.05299377441406,173.5800018310547,171.75,172.00799560546875
171.73049926757812,172.85000610351562,170.4709930419922,171.64849853515625
172.58200073242188,175.58599853515625,171.8459930419922,175.5489959716797
176.5054931640625,184.2740020751953,176.4499969482422,183.78700256347656
185.86900329589844,186.7100067138672,183.94549560546875,184.82899475097656
182.17799377441406,187.99949645996094,181.05599975585938,186.57049560546875
186.12600708007812,187.39999389648438,184.6699981689453,185.9669952392578
187.1999969482422,187.864501953125,184.83949279785156,185.92750549316406
185.10499572753906,188.6540069580078,183.5659942626953,183.8679962158203
185.4425048828125,185.88299560546875,183.04150390625,184.08399963378906
184.7100067138672,184.77000427246094,181.04600524902344,181.55999755859375
181.66549682617188,182.30299377441406,178.5229949951172,178.68150329589844
176.62899780273438,177.510498046875,174.95799255371094,177.47950744628906
178.36599731445312,179.60000610351562,175.89999389648438,178.6595001220703
178.81900024414062,179.32249450683594,177.1820068359375,179.25999450683594
179.3614959716797,182.00100708007812,179.11349487304688,181.90150451660156
182.0,183.3054962158203,181.1020050048828,182.83200073242188
183.6584930419922,185.60400390625,182.3625030517578,184.99099731445312
184.9250030517578,184.9250030517578,179.3074951171875,181.3195037841797
181.68899536132812,182.92100524902344,180.0500030517578,181.51600646972656
181.3874969482422,181.8975067138672,179.00050354003906,179.99600219726562
167.3975067138672,168.40699768066406,165.3489990234375,166.37950134277344
167.65499877929688,167.9459991455078,165.85000610351562,166.57400512695312
167.03599548339844,169.5500030517578,164.98849487304688,168.31199645996094
168.96749877929688,169.44400024414062,167.2779998779297,167.73599243164062
167.81100463867188,169.4499969482422,167.04600524902344,168.79949951171875
168.75,168.75,166.45199584960938,167.2469940185547
167.1804962158203,167.74400329589844,166.42599487304688,167.093505859375
167.25050354003906,167.89999389648438,165.75,166.03399658203125
166.57249450683594,166.88499450683594,163.88949584960938,164.60549926757812
164.5,165.72549438476562,163.48350524902344,165.1750030517578
165.2834930419922,165.30349731445312,164.14999389648438,164.69850158691406
164.14999389648438,165.0,160.55650329589844,164.94949340820312
163.875,164.02450561523438,161.28399658203125,162.09800720214844
162.09950256347656,162.7050018310547,160.0,160.06100463867188
159.7010040283203,161.64999389648438,159.1230010986328,159.3874969482422
160.19349670410156,160.3905029296875,158.78799438476562,159.99749755859375
160.59500122070312,164.0449981689453,160.50050354003906,163.2935028076172
164.0,165.77450561523438,163.72900390625,165.28900146484375
165.49349975585938,166.0500030517578,164.3074951171875,164.95899963378906
164.9499969482422,166.60000610351562,164.8000030517578,165.8000030517578
166.6614990234375,167.61599731445312,165.6875,167.48150634765625
167.8715057373047,172.25,167.76100158691406,171.07850646972656
171.24000549316406,173.62899780273438,169.7794952392578,173.5395050048828
174.82000732421875,176.35000610351562,173.76199340820312,173.9499969482422
174.73800659179688,175.59800720214844,172.75,173.156005859375
172.60000610351562,174.1334991455078,171.82200622558594,173.90249633789062
173.89999389648438,176.4044952392578,173.8470001220703,175.46449279785156
175.58250427246094,177.281494140625,174.7834930419922,176.27499389648438
176.30099487304688,177.49949645996094,174.01849365234375,174.20799255371094
175.0915069580078,175.42250061035156,173.14549255371094,173.45750427246094
174.13999938964844,174.8979949951172,171.89999389648438,172.85850524902344
173.77749633789062,174.3404998779297,171.885498046875,172.5
172.12600708007812,174.27099609375,170.10049438476562,173.7895050048828
172.9980010986328,174.62750244140625,172.3070068359375,174.41200256347656
174.42050170898438,174.87049865722656,172.60650634765625,173.12600708007812
169.8000030517578,170.9499969482422,165.25050354003906,167.7864990234375
168.75,168.98500061035156,166.6195068359375,167.18150329589844
167.5500030517578,169.4499969482422,167.05250549316406,169.00250244140625
169.00250244140625,171.447998046875,169.00250244140625,170.8000030517578
170.10049438476562,171.46299743652344,169.6699981689453,171.2760009765625
168.5749969482422,170.77850341796875,166.98049926757812,170.2899932861328
167.885498046875,168.45950317382812,164.5050048828125,165.79800415039062
166.10549926757812,167.56500244140625,164.89349365234375,165.05599975585938
165.8000030517578,166.3925018310547,163.69949340820312,164.2519989013672
164.45050048828125,165.45849609375,162.7969970703125,164.16299438476562
163.96949768066406,163.99949645996094,158.8125,159.48899841308594
160.22500610351562,163.0364990234375,160.1230010986328,161.0500030517578
160.67649841308594,163.2169952392578,159.93099975585938,163.10049438476562
164.57699584960938,166.28750610351562,164.1529998779297,165.1215057373047
165.85000610351562,166.07150268554688,164.41000366210938,164.43099975585938
163.75,164.62950134277344,161.90499877929688,162.31500244140625
162.85000610351562,163.37649536132812,161.81399536132812,162.3665008544922
163.48550415039062,164.41900634765625,163.05450439453125,164.21400451660156
165.12249755859375,165.6300048828125,164.53900146484375,164.9929962158203
165.5709991455078,170.52099609375,165.1999969482422,170.4510040283203
169.41799926757812,172.45849609375,169.2550048828125,172.33700561523438
171.71449279785156,172.7344970703125,171.10000610351562,172.20750427246094
172.63299560546875,173.14300537109375,170.01849365234375,170.7530059814453
170.71249389648438,172.01400756835938,170.14999389648438,171.75050354003906
171.0500030517578,171.49200439453125,166.56500244140625,166.77749633789062
166.75,167.38999938964844,164.88499450683594,166.01849365234375
167.47549438476562,170.80599975585938,167.19900512695312,168.80349731445312
169.39999389648438,171.85000610351562,168.57249450683594,169.62449645996094
170.10499572753906,173.9499969482422,169.3000030517578,172.32850646972656
165.00100708007812,168.74099731445312,163.66600036621094,168.6215057373047
168.08999633789062,168.79299926757812,164.6009979248047,165.90550231933594
165.75050354003906,166.55599975585938,164.17750549316406,165.6374969482422
165.4499969482422,169.74600219726562,164.87600708007812,169.1999969482422
168.5,174.93150329589844,168.25,173.85000610351562
173.85000610351562,178.3125,173.8489990234375,175.94949340820312
176.16200256347656,178.9499969482422,174.39300537109375,174.44900512695312
175.7624969482422,179.68850708007812,175.07150268554688,178.81149291992188
178.19349670410156,180.2725067138672,173.1544952392578,174.1024932861328
175.64999389648438,177.16200256347656,173.37350463867188,173.625
174.25,177.0364990234375,172.3524932861328,176.25750732421875
176.85000610351562,179.69400024414062,176.29049682617188,177.28399658203125
176.9499969482422,178.8249969482422,176.25750732421875,177.03500366210938
178.23599243164062,179.3625030517578,177.2675018310547,177.4499969482422
178.3175048828125,185.2100067138672,178.0500030517578,184.80299377441406
185.63450622558594,188.1074981689453,183.78599548339844,183.82850646972656
183.81900024414062,185.67300415039062,178.375,178.6284942626953
179.2519989013672,181.05250549316406,176.385498046875,179.0019989013672
178.1334991455078,180.6820068359375,176.84249877929688,179.02049255371094
180.10499572753906,181.6750030517578,175.20750427246094,175.22799682617188
177.3820037841797,179.8000030517578,176.5749969482422,178.07850646972656
178.1750030517578,179.2884979248047,174.60049438476562,175.35350036621094
177.25,177.99400329589844,172.0800018310547,172.18600463867188
173.0,174.63499450683594,171.1875,171.8679962158203
172.75,173.49349975585938,166.92999267578125,169.489501953125
169.64999389648438,173.69549560546875,166.9344940185547,171.36849975585938
174.60000610351562,177.49949645996094,173.33450317382812,176.1645050048828
176.15049743652344,177.17999267578125,174.75050354003906,176.1580047607422
175.75,176.96949768066406,174.13949584960938,174.17100524902344
175.41700744628906,175.927001953125,170.5,172.21200561523438
172.0,172.10000610351562,169.1300048828125,169.5675048828125
167.5500030517578,169.49899291992188,166.44000244140625,169.0915069580078
168.59800720214844,173.60000610351562,165.19500732421875,173.31500244140625
173.36849975585938,174.16600036621094,168.16050720214844,168.87100219726562
167.7104949951172,170.89849853515625,165.61349487304688,170.0175018310547
166.85000610351562,167.87449645996094,165.60000610351562,167.07899475097656
167.85049438476562,170.7165069580078,165.6475067138672,170.41700744628906
169.27000427246094,172.0500030517578,168.50050354003906,171.03700256347656
170.42799377441406,171.97500610351562,170.14999389648438,171.06849670410156
171.03700256347656,172.9429931640625,169.2154998779297,169.66949462890625
170.1824951171875,172.17599487304688,169.135498046875,170.66099548339844
170.83999633789062,171.21200561523438,168.60049438476562,169.2010040283203
169.6999969482422,170.88800048828125,168.5240020751953,168.64450073242188
168.95599365234375,169.35000610351562,166.55850219726562,166.7169952392578
167.5500030517578,170.70350646972656,166.16050720214844,170.4044952392578
170.43800354003906,171.39999389648438,166.34950256347656,167.52200317382812
166.88299560546875,167.12649536132812,164.35699462890625,164.35699462890625
163.45050048828125,164.8000030517578,161.93699645996094,163.25399780273438
163.83900451660156,165.24349975585938,162.031005859375,162.5540008544922
160.5854949951172,161.6614990234375,156.30450439453125,161.48599243164062
161.5,166.35000610351562,160.70150756835938,165.36199951171875
166.5749969482422,166.8780059814453,164.41700744628906,165.20700073242188
165.25050354003906,166.22149658203125,161.09100341796875,161.21400451660156
160.14999389648438,162.25,159.80050659179688,162.13800048828125
159.10499572753906,159.7344970703125,157.6645050048828,158.91749572753906
158.76199340820312,159.25,156.25,156.2989959716797
156.76600646972656,158.0,151.3509979248047,151.66749572753906
149.9499969482422,150.89999389648438,142.07049560546875,142.64300537109375
139.0,144.94500732421875,135.3520050048828,144.54400634765625
142.24249267578125,143.60000610351562,138.14500427246094,139.98599243164062
144.75,145.18499755859375,137.31849670410156,138.87249755859375
140.8000030517578,144.24349975585938,139.35000610351562,139.6374969482422
140.86050415039062,143.9980010986328,137.92950439453125,143.97799682617188
144.75,150.36050415039062,144.30050659179688,149.57350158691406
150.0,151.70799255371094,147.62750244140625,151.19349670410156
155.05050659179688,155.0749969482422,148.86349487304688,150.6125030517578
141.7375030517578,144.24749755859375,138.33299255371094,138.8455047607422
155.60650634765625,161.1999969482422,150.60800170898438,157.63949584960938
158.52000427246094,162.6909942626953,157.25,157.9355010986328
156.75050354003906,161.79249572753906,155.55050659179688,161.4134979248047
162.87350463867188,163.83450317382812,160.25,161.1894989013672
158.35000610351562,160.7165069580078,157.75,159.0034942626953
158.13450622558594,159.0,152.73399353027344,153.2935028076172
151.75100708007812,158.44850158691406,151.64999389648438,155.16700744628906
157.60549926757812,158.0070037841797,154.6374969482422,156.510498046875
155.79049682617188,158.83399963378906,154.7344970703125,158.10049438476562
158.14599609375,160.3489990234375,154.5,154.65249633789062
155.49949645996094,155.49949645996094,150.89300537109375,152.60150146484375
150.47850036621094,152.9824981689453,148.48550415039062,150.19749450683594
151.65049743652344,151.76300048828125,144.6510009765625,144.82699584960938
139.83749389648438,151.74899291992188,139.5,151.35800170898438
150.5500030517578,153.99000549316406,149.2135009765625,153.7884979248047
152.4250030517578,154.4499969482422,150.85000610351562,153.56300354003906
152.7324981689453,154.0989990234375,149.9770050048828,151.14199829101562
150.8489990234375,152.99949645996094,148.75,152.05250549316406
153.531494140625,153.9290008544922,146.8560028076172,147.89849853515625
147.15899658203125,147.85000610351562,143.8070068359375,145.64100646972656
145.44349670410156,146.09449768066406,137.41650390625,137.4530029296875
136.68350219726562,140.69949340820312,133.57249450683594,136.01449584960938
139.5,140.25,136.8280029296875,139.2790069580078
145.68499755859375,148.67449951171875,143.97799682617188,146.8175048828125
149.57449340820312,149.6750030517578,145.36900329589844,145.52450561523438
145.9810028076172,147.4499969482422,140.88400268554688,141.85299682617188
142.85000610351562,147.98500061035156,142.0,147.3665008544922
148.5,153.14999389648438,147.35350036621094,153.10400390625
152.6405029296875,157.49850463867188,152.13999938964844,157.23899841308594
156.81300354003906,161.593994140625,156.01100158691406,161.25050354003906
161.12100219726562,163.08399963378906,159.55299377441406,161.4915008544922
161.8054962158203,166.16700744628906,161.69900512695312,164.88900756835938
163.7050018310547,166.3699951171875,162.68699645996094,163.4080047607422
163.74949645996094,164.11849975585938,160.0500030517578,163.64950561523438
164.0,165.36849975585938,162.25,164.77349853515625
164.97500610351562,169.03750610351562,164.89999389648438,168.99049377441406
170.38400268554688,170.8314971923828,167.86849975585938,169.31500244140625
168.50950622558594,168.95050048828125,165.5,166.30099487304688
166.44500732421875,166.4949951171875,162.95350646972656,162.99749755859375
164.14950561523438,165.82699584960938,162.3195037841797,163.55999755859375
164.125,168.39450073242188,163.20550537109375,168.34649658203125
167.7415008544922,168.11050415039062,163.26600646972656,164.05499267578125
161.65049743652344,162.1999969482422,157.25450134277344,158.75599670410156
158.39999389648438,160.07899475097656,154.51150512695312,157.7845001220703
156.75,157.36849975585938,154.2310028076172,154.4604949951172
152.71299743652344,154.13650512695312,150.5345001220703,151.1219940185547
153.6925048828125,155.0989990234375,150.38299560546875,150.78750610351562
150.01849365234375,156.02499389648438,149.60000610351562,155.54100036621094
155.38999938964844,155.89700317382812,151.4720001220703,151.7064971923828
151.52349853515625,154.0395050048828,150.25050354003906,152.78500366210938
152.0294952392578,158.6490020751953,151.55050659179688,158.11549377441406
157.6024932861328,157.6024932861328,153.60350036621094,153.9980010986328
154.71400451660156,156.73800659179688,147.58949279785156,148.29600524902344
148.25,149.61500549316406,143.69749450683594,144.35000610351562
144.0229949951172,146.22149658203125,142.30650329589844,146.07400512695312
144.8000030517578,144.8560028076172,138.92950439453125,139.39100646972656
140.19149780273438,141.94850158691406,135.7834930419922,138.16700744628906
142.17799377441406,145.9375,140.3000030517578,144.59649658203125
129.8489990234375,130.76100158691406,121.625,124.28150177001953
122.4010009765625,124.66799926757812,118.375,124.5
124.05349731445312,126.22049713134766,122.82499694824219,124.25350189208984
123.5999984741211,126.0,119.18299865722656,125.92849731445312
123.0,123.4990005493164,115.07250213623047,116.40699768066406
114.8499984741211,119.05049896240234,113.08149719238281,114.77249908447266
111.3125,114.0,107.95700073242188,108.78900146484375
111.25,112.64250183105469,107.1709976196289,108.85900115966797
108.10350036621094,110.15599822998047,104.42849731445312,105.37200164794922
102.75,110.78050231933594,102.40550231933594,106.93049621582031
109.06900024414062,113.18399810791016,107.80000305175781,113.05500030517578
113.0999984741211,113.99250030517578,110.35399627685547,110.81050109863281
113.2750015258789,115.80000305175781,111.27649688720703,115.36849975585938
111.43949890136719,112.85299682617188,106.2490005493164,107.11250305175781
106.28050231933594,110.03399658203125,106.19300079345703,107.31900024414062
109.56849670410156,109.89800262451172,105.0094985961914,107.59100341796875
108.46099853515625,108.81900024414062,103.94999694824219,107.55699920654297
104.0250015258789,105.4000015258789,101.26000213623047,104.0999984741211
103.65550231933594,108.17500305175781,103.6500015258789,106.7750015258789
107.97000122070312,112.66549682617188,107.45349884033203,111.07749938964844
113.55000305175781,115.18699645996094,112.62799835205078,115.14649963378906
116.27999877929688,121.99449920654297,115.67500305175781,120.20950317382812
122.25599670410156,125.17900085449219,120.62249755859375,121.68399810791016
121.68399810791016,125.61000061035156,120.04499816894531,125.51100158691406
124.19999694824219,124.4000015258789,121.04650115966797,122.3499984741211
125.25,128.99000549316406,123.80999755859375,124.79000091552734
122.01000213623047,124.0999984741211,120.62999725341797,123.0
122.61000061035156,123.75,120.75,121.18000030517578
119.98999786376953,121.30000305175781,116.0999984741211,116.1500015258789
113.41999816894531,114.5,109.05000305175781,109.6500015258789
104.19000244140625,106.54000091552734,101.86000061035156,103.66999816894531
104.19000244140625,104.87999725341797,101.43000030517578,102.30999755859375
103.86000061035156,109.05999755859375,103.52999877929688,107.66999816894531
104.47000122070312,104.58000183105469,102.01000213623047,103.66000366210938
102.80000305175781,106.9800033569336,102.51000213623047,106.22000122070312
108.19999694824219,111.62999725341797,103.55999755859375,108.68000030517578
107.43000030517578,112.12999725341797,107.0199966430664,108.94999694824219
110.38999938964844,113.0,107.93000030517578,112.44000244140625
112.37999725341797,116.70999908447266,111.43000030517578,116.45999908447266
117.08999633789062,117.9800033569336,112.69999694824219,113.22000122070312
113.5,114.8499984741211,107.04000091552734,107.4000015258789
107.37999725341797,110.98999786376953,106.91000366210938,108.91999816894531
108.11000061035156,108.18000030517578,102.5199966430664,106.20999908447266
106.29000091552734,109.75,105.8499984741211,109.55999755859375
107.5999984741211,114.08000183105469,106.31999969482422,113.5
113.20999908447266,115.4800033569336,112.01000213623047,114.33000183105469
113.8499984741211,116.98999786376953,113.48999786376953,116.33000183105469
114.5999984741211,116.58000183105469,113.69000244140625,115.54000091552734
114.08000183105469,114.30000305175781,110.87000274658203,111.75
112.16000366210938,113.2300033569336,108.33999633789062,109.22000122070312
107.02999877929688,111.77999877929688,106.01000213623047,110.4000015258789
110.23999786376953,111.18000030517578,107.58000183105469,110.62999725341797
112.5,115.58999633789062,111.58999633789062,113.55000305175781
115.0,117.23999786376953,113.1500015258789,113.76000213623047
115.69999694824219,118.94999694824219,114.02999877929688,118.20999908447266
118.62000274658203,123.4800033569336,118.31999969482422,122.7699966430664
123.19999694824219,124.8499984741211,121.26000213623047,124.62999725341797
125.01000213623047,125.5,121.3499984741211,122.41999816894531
122.69999694824219,123.63999938964844,120.02999877929688,121.13999938964844
115.79000091552734,118.1500015258789,114.52999877929688,114.80999755859375
117.30999755859375,121.9000015258789,117.16000366210938,120.97000122070312
121.56999969482422,122.83999633789062,118.08000183105469,122.27999877929688
134.89999389648438,137.64999389648438,132.41000366210938,134.9499969482422
134.9600067138672,138.8300018310547,133.50999450683594,135.38999938964844
134.72000122070312,137.44000244140625,134.08999633789062,134.16000366210938
136.2100067138672,140.49000549316406,136.0500030517578,139.52000427246094
140.5800018310547,143.55999755859375,139.5500030517578,142.57000732421875
140.10000610351562,142.86000061035156,139.60000610351562,140.8000030517578
142.0500030517578,144.22999572753906,138.2899932861328,139.41000366210938
138.0500030517578,138.9499969482422,136.2100067138672,137.8300018310547
142.89999389648438,144.60000610351562,141.00999450683594,142.69000244140625
143.86000061035156,144.49000549316406,139.75999450683594,140.63999938964844
142.0500030517578,143.57000732421875,140.1199951171875,143.5500030517578
142.8000030517578,143.75999450683594,141.49000549316406,143.17999267578125
143.91000366210938,146.57000732421875,142.0,144.77999877929688
142.69000244140625,143.3800048828125,140.77999877929688,142.10000610351562
141.32000732421875,142.77000427246094,140.3800048828125,142.3000030517578
140.47000122070312,141.11000061035156,137.91000366210938,138.22999572753906
135.72000122070312,136.32000732421875,132.85000610351562,133.22000122070312
133.41000366210938,134.99000549316406,132.9499969482422,133.6199951171875
132.75,135.47000122070312,132.10000610351562,133.8000030517578
135.25999450683594,137.4199981689453,134.27999877929688,137.27999877929688
136.5500030517578,137.8300018310547,130.5,130.75
129.89999389648438,131.9499969482422,128.77000427246094,129.7899932861328
131.25,132.07000732421875,126.8499984741211,128.72999572753906
129.4499969482422,130.58999633789062,126.73999786376953,126.7699966430664
126.0,128.02000427246094,123.66000366210938,127.81999969482422
129.5,131.3800048828125,126.38999938964844,127.51000213623047
127.91999816894531,128.6199951171875,124.73999786376953,126.11000061035156
126.12000274658203,129.82000732421875,125.4000015258789,129.47999572753906
127.72000122070312,130.27999877929688,127.0999984741211,129.82000732421875
130.91000366210938,133.69000244140625,130.75999450683594,133.27000427246094
134.10000610351562,136.49000549316406,134.0,136.4499969482422
131.00999450683594,131.39999389648438,126.2699966430664,126.81999969482422
127.36000061035156,128.83999633789062,126.33000183105469,128.5500030517578
127.37999725341797,130.3699951171875,125.5,126.27999877929688
122.77999877929688,123.87000274658203,120.69999694824219,123.52999877929688
122.16000366210938,124.70999908447266,121.80000305175781,124.66000366210938
123.3499984741211,124.4000015258789,121.13999938964844,122.19000244140625
122.48999786376953,123.76000213623047,118.44999694824219,118.54000091552734
117.08000183105469,118.79000091552734,116.26000213623047,117.30999755859375
116.0,116.05000305175781,112.05999755859375,113.77999877929688
113.30000305175781,117.33999633789062,113.12999725341797,115.1500015258789
117.19999694824219,118.31999969482422,113.05000305175781,114.41000366210938
114.37999725341797,118.69999694824219,113.80000305175781,118.01000213623047
115.5999984741211,116.06999969482422,113.05999755859375,114.80000305175781
114.08000183105469,116.91999816894531,112.83999633789062,113.0
113.58000183105469,116.91000366210938,112.44999694824219,115.87999725341797
119.88999938964844,123.0,119.79000091552734,121.08999633789062
118.58000183105469,121.75,117.69000244140625,120.94999694824219
120.7699966430664,121.52999877929688,119.5,120.30000305175781
118.0,118.16999816894531,113.87999725341797,114.55999755859375
115.0999984741211,116.25,112.43000030517578,113.66999816894531
112.70999908447266,115.4800033569336,110.38999938964844,112.20999908447266
112.48999786376953,113.83000183105469,111.4000015258789,112.9000015258789
107.87999725341797,113.44000244140625,105.3499984741211,112.52999877929688
114.0999984741211,114.95999908447266,106.5999984741211,106.9000015258789
110.11000061035156,114.19000244140625,110.08999633789062,113.79000091552734
119.05999755859375,119.5199966430664,114.79000091552734,116.36000061035156
114.70999908447266,116.58999633789062,113.22000122070312,115.06999969482422
113.83000183105469,118.23999786376953,113.51000213623047,115.25
114.79000091552734,119.58999633789062,114.5,119.31999969482422
119.9800033569336,120.38999938964844,116.56999969482422,119.81999969482422
119.6500015258789,121.31999969482422,118.94999694824219,120.5999984741211
116.0,119.3499984741211,114.76000213623047,115.66000366210938
113.91999816894531,114.12000274658203,109.7699966430664,110.95999908447266
97.91000366210938,103.95999908447266,97.66000366210938,103.41000366210938
103.55999755859375,104.87000274658203,100.73999786376953,102.44000244140625
103.98999786376953,104.58000183105469,96.05999755859375,96.79000091552734
97.31999969482422,97.73999786376953,92.01000213623047,92.12000274658203
92.47000122070312,93.5,89.0199966430664,89.30000305175781
91.48999786376953,92.44000244140625,88.04000091552734,90.9800033569336
91.94999694824219,92.0999984741211,89.04000091552734,90.52999877929688
90.79000091552734,91.72000122070312,88.2300033569336,89.9800033569336
89.47000122070312,89.4800033569336,85.87000274658203,86.13999938964844
92.94000244140625,98.69000244140625,91.6500015258789,96.62999725341797
97.87999725341797,101.19000244140625,96.66000366210938,100.79000091552734
98.7699966430664,100.12000274658203,97.29000091552734,98.48999786376953
103.20999908447266,103.79000091552734,97.33999633789062,98.94000244140625
96.8499984741211,98.48999786376953,95.54000091552734,97.12000274658203
95.37000274658203,96.97000122070312,94.02999877929688,94.8499984741211
95.94999694824219,95.98999786376953,92.4800033569336,94.13999938964844
93.97000122070312,95.0199966430664,90.58999633789062,92.45999908447266
92.62000274658203,93.3499984741211,90.87000274658203,93.19999694824219
93.23999786376953,94.58000183105469,92.83000183105469,94.12999725341797
93.79000091552734,94.43000030517578,93.06999969482422,93.41000366210938
93.93000030517578,96.4000015258789,93.43000030517578,93.94999694824219
94.04000091552734,94.41000366210938,91.44000244140625,92.41999816894531
92.47000122070312,96.54000091552734,91.52999877929688,96.54000091552734
96.98999786376953,97.2300033569336,94.91999816894531,95.5
94.4800033569336,95.36000061035156,93.77999877929688,94.12999725341797
93.05000305175781,94.05999755859375,90.81999969482422,91.01000213623047
90.5,91.04000091552734,87.9000015258789,88.25
88.33999633789062,89.88999938964844,87.4800033569336,88.45999908447266
89.23999786376953,90.86000061035156,87.87999725341797,90.3499984741211
88.9000015258789,90.30000305175781,88.62999725341797,89.08999633789062
89.20999908447266,90.58000183105469,87.87000274658203,90.55000305175781
95.2300033569336,96.25,90.5199966430664,92.48999786376953
92.5,93.45999908447266,89.87000274658203,91.58000183105469
89.88999938964844,89.97000122070312,87.47000122070312,88.44999694824219
88.2699966430664,89.3499984741211,86.7300033569336,87.86000061035156
87.51000213623047,87.62999725341797,84.51000213623047,84.91999816894531
85.33000183105469,86.61000061035156,84.33000183105469,85.19000244140625
86.18000030517578,87.2300033569336,85.20999908447266,86.7699966430664
85.5199966430664,85.68000030517578,82.25,83.79000091552734
83.25,85.77999877929688,82.93000030517578,85.25
84.97000122070312,85.3499984741211,83.0,83.04000091552734
82.80000305175781,83.4800033569336,81.69000244140625,81.81999969482422
82.87000274658203,84.55000305175781,82.55000305175781,84.18000030517578
83.12000274658203,84.05000305175781,82.47000122070312,84.0
85.45999908447266,86.95999908447266,84.20999908447266,85.81999969482422
86.55000305175781,86.9800033569336,83.36000061035156,85.13999938964844
85.33000183105469,85.41999816894531,83.06999969482422,83.12000274658203
83.02999877929688,86.4000015258789,81.43000030517578,86.08000183105469
87.45999908447266,89.4800033569336,87.08000183105469,87.36000061035156
87.56999969482422,90.19000244140625,87.29000091552734,89.87000274658203
90.93000030517578,95.26000213623047,90.93000030517578,95.08999633789062
96.93000030517578,97.19000244140625,93.5,95.2699966430664
94.18000030517578,98.37000274658203,94.12000274658203,98.12000274658203
98.68000030517578,98.88999938964844,95.7300033569336,96.05000305175781
97.25,99.31999969482422,95.37999725341797,95.45999908447266
94.73999786376953,95.44000244140625,92.86000061035156,93.68000030517578
93.86000061035156,97.3499984741211,93.19999694824219,97.25
97.55999755859375,97.77999877929688,95.86000061035156,97.5199966430664
96.93000030517578,98.08999633789062,96.0,96.31999969482422
92.55999755859375,97.23999786376953,91.5199966430664,97.18000030517578
98.23999786376953,99.48999786376953,96.91999816894531,99.22000122070312
99.52999877929688,103.48999786376953,99.52999877929688,102.23999786376953
101.08999633789062,101.73999786376953,99.01000213623047,100.55000305175781
101.16000366210938,103.3499984741211,101.13999938964844,103.12999725341797
102.52999877929688,106.23999786376953,101.23999786376953,105.1500015258789
110.25,114.0,108.87999725341797,112.91000366210938
105.26000213623047,108.77999877929688,102.5199966430664,103.38999938964844
102.93000030517578,103.94999694824219,100.6500015258789,102.18000030517578
101.16999816894531,102.41000366210938,98.08000183105469,102.11000061035156
102.04000091552734,102.66999816894531,98.77999877929688,100.05000305175781
101.31999969482422,101.77999877929688,97.56999969482422,98.23999786376953
97.55999755859375,98.81999969482422,96.2300033569336,97.61000061035156
97.8499984741211,99.68000030517578,96.91000366210938,99.54000091552734
98.41000366210938,100.91999816894531,97.5199966430664,99.69999694824219
99.08999633789062,101.16999816894531,98.44999694824219,101.16000366210938
99.20999908447266,100.62999725341797,98.0999984741211,98.1500015258789
97.80000305175781,97.94000244140625,95.6500015258789,97.19999694824219
95.33999633789062,95.61000061035156,94.2699966430664,94.58000183105469
95.0999984741211,97.01000213623047,94.80000305175781,95.79000091552734
96.12000274658203,96.43000030517578,93.66999816894531,95.81999969482422
93.52999877929688,94.13999938964844,92.31999969482422,93.5
94.27999877929688,94.77999877929688,93.13999938964844,93.76000213623047
93.13999938964844,94.69000244140625,92.91999816894531,94.2300033569336
93.87000274658203,94.68000030517578,91.58999633789062,92.16999816894531
91.41000366210938,92.2300033569336,90.38999938964844,92.12999725341797
92.73999786376953,94.94000244140625,92.66000366210938,94.9000015258789
95.19000244140625,96.55000305175781,93.73999786376953,93.75
94.05999755859375,95.08999633789062,92.77999877929688,93.55000305175781
93.5999984741211,94.16999816894531,92.18000030517578,93.91999816894531
93.68000030517578,96.20999908447266,92.18000030517578,92.25
92.66999816894531,93.56999969482422,90.25,90.7300033569336
89.97000122070312,94.0199966430664,88.12000274658203,92.43000030517578
93.83000183105469,95.06999969482422,92.70999908447266,94.87999725341797
93.22000122070312,96.66999816894531,93.06999969482422,96.19999694824219
95.75,100.98999786376953,95.61000061035156,100.04000091552734
99.79000091552734,100.66000366210938,97.45999908447266,98.94999694824219
98.41000366210938,98.4800033569336,95.69999694824219,97.70999908447266
98.13999938964844,100.8499984741211,98.0,100.61000061035156
100.44999694824219,102.0999984741211,98.61000061035156,98.69999694824219
100.43000030517578,101.05999755859375,97.62000274658203,98.70999908447266
98.06999969482422,98.30000305175781,96.4000015258789,98.12999725341797
99.06999969482422,99.33999633789062,97.08000183105469,98.04000091552734
98.11000061035156,98.44000244140625,96.29000091552734,97.23999786376953
98.69000244140625,100.41999816894531,98.55999755859375,100.25
101.55000305175781,103.04000091552734,101.01000213623047,102.0
102.16000366210938,103.48999786376953,101.94999694824219,103.29000091552734
102.30000305175781,103.29000091552734,101.43000030517578,102.41000366210938
102.75,104.19999694824219,102.11000061035156,103.94999694824219
103.91000366210938,103.91000366210938,100.75,101.0999984741211
100.75,102.37999725341797,99.80000305175781,102.05999755859375
100.95999908447266,102.19999694824219,99.56999969482422,102.16999816894531
100.80000305175781,101.0,99.01000213623047,99.91999816894531
100.4000015258789,100.51000213623047,97.70999908447266,97.83000183105469
98.94999694824219,102.56999969482422,98.70999908447266,102.4000015258789
102.06999969482422,103.19999694824219,101.11000061035156,102.51000213623047
103.16000366210938,103.7300033569336,101.58999633789062,102.73999786376953
103.94999694824219,104.19999694824219,101.5199966430664,102.30000305175781
101.58000183105469,105.12000274658203,101.38999938964844,104.30000305175781
103.52999877929688,105.25,103.20999908447266,103.80999755859375
106.0999984741211,108.1500015258789,105.08000183105469,106.95999908447266
107.66000366210938,109.2300033569336,105.06999969482422,106.20999908447266
104.91000366210938,105.44999694824219,102.44999694824219,102.56999969482422
105.04000091552734,106.62000274658203,104.0999984741211,104.9800033569336
108.16000366210938,110.86000061035156,106.80000305175781,109.81999969482422
107.7300033569336,109.4800033569336,104.33000183105469,105.44999694824219
104.94999694824219,105.2300033569336,101.81999969482422,102.05000305175781
101.47000122070312,103.9000015258789,101.1500015258789,103.62999725341797
103.73999786376953,105.95999908447266,103.27999877929688,103.6500015258789
104.04000091552734,105.38999938964844,103.30999755859375,104.0
104.2699966430664,105.76000213623047,103.55000305175781,105.66000366210938
105.04000091552734,106.0999984741211,104.69999694824219,105.83000183105469
105.4800033569336,106.79000091552734,105.16000366210938,106.62000274658203
108.0999984741211,110.66999816894531,108.05000305175781,110.19000244140625
111.02999877929688,113.27999877929688,110.48999786376953,112.18000030517578
112.16000366210938,112.63999938964844,109.31999969482422,110.26000213623047
111.1500015258789,112.29000091552734,109.25,111.19999694824219
111.05000305175781,114.79000091552734,111.05000305175781,113.4000015258789
114.88999938964844,115.83000183105469,114.22000122070312,115.5
116.69000244140625,118.5999984741211,116.33999633789062,118.1500015258789
118.16000366210938,118.30999755859375,115.69999694824219,116.25
116.7699966430664,116.7699966430664,114.25,115.01000213623047
114.2699966430664,117.13999938964844,113.77999877929688,114.98999786376953
115.3499984741211,117.33999633789062,115.0199966430664,116.75
116.62999725341797,116.87000274658203,114.30999755859375,115.0
116.04000091552734,121.5,116.0199966430664,120.11000061035156
122.37000274658203,122.91999816894531,119.86000061035156,121.66000366210938
121.44999694824219,122.04000091552734,119.16999816894531,120.58000183105469
